"Close.x","T10Y3M_20180601","Close.y","BAA10Y_20180601"
12.04,38,1416.599976,43
11.51,42,1418.339966,44
12.14,40,1409.709961,42
12,42,1412.839966,40
11.91,42,1412.109985,40
11.47,40,1414.849976,40
10.87,37,1423.819946,40
10.15,32,1430.72998,40
10.74,36,1431.900024,40
10.59,33,1430.619995,39
10.85,37,1426.369995,39
10.4,36,1430.5,38
10.77,37,1422.949951,38
10.34,33,1427.98999,38
9.89,32,1440.130005,38
11.22,27,1423.900024,37
11.13,25,1422.180054,37
11.45,24,1420.619995,36
10.96,25,1428.819946,37
10.42,29,1438.23999,38
10.31,29,1445.939941,37
10.08,31,1448.390015,37
10.55,34,1446.98999,37
10.65,37,1448,36
10.32,41,1450.02002,37
10.44,43,1448.310059,36
11.1,36,1438.060059,35
11.61,38,1433.369995,35
10.34,35,1444.26001,35
10.23,42,1455.300049,36
10.22,46,1456.810059,37
10.02,47,1455.540039,36
10.24,50,1459.680054,36
10.2,48,1457.630005,35
10.18,45,1456.380005,35
10.58,49,1451.189941,34
11.15,55,1449.369995,35
18.309999,63,1399.040039,40
15.42,59,1406.819946,42
15.82,58,1403.170044,44
18.610001,59,1387.170044,46
19.629999,58,1374.119995,50
15.96,60,1395.410034,48
15.24,61,1391.969971,48
14.29,58,1401.890015,49
14.09,50,1402.839966,47
13.99,52,1406.599976,47
18.129999,58,1377.949951,53
17.27,52,1387.170044,55
16.43,50,1392.280029,53
16.790001,48,1386.949951,53
14.59,47,1402.060059,53
13.27,49,1410.939941,54
12.19,51,1435.040039,56
12.93,45,1434.540039,58
12.95,45,1436.109985,58
13.16,45,1437.5,58
13.48,45,1428.609985,59
14.98,44,1417.22998,61
15.14,41,1422.530029,57
14.64,39,1420.859985,58
14.53,39,1424.550049,57
13.46,38,1437.77002,56
13.24,41,1439.369995,57
13.23,36,1443.76001,57
13.14,27,1444.609985,55
12.68,30,1448.390015,55
13.49,30,1438.869995,54
12.71,29,1447.800049,54
12.2,26,1452.849976,53
11.98,27,1468.329956,50
12.14,32,1471.47998,50
12.42,34,1472.5,49
12.54,31,1470.72998,49
12.07,31,1484.349976,50
13.04,32,1480.930054,50
13.12,35,1480.410034,50
13.21,31,1495.420044,50
12.79,27,1494.25,51
12.45,24,1494.069946,50
14.22,28,1482.369995,50
13.51,26,1486.300049,49
13.08,26,1495.920044,48
13.09,22,1502.390015,46
12.91,25,1505.619995,46
13.15,25,1509.47998,46
13.21,27,1507.719971,48
12.88,21,1512.579956,47
13.6,22,1491.469971,48
12.95,20,1505.849976,48
13.96,16,1503.150024,47
14.01,12,1501.189941,47
13.5,4,1514.140015,46
13.51,5,1512.75,46
12.76,3,1522.75,45
13.3,9,1525.099976,45
13.06,10,1524.119995,45
13.24,5,1522.280029,45
14.08,5,1507.51001,45
13.34,2,1515.72998,44
13.53,2,1518.109985,44
12.83,87,1530.22998,43
13.05,101,1530.619995,42
12.78,100,1536.339966,42
13.29,96,1539.180054,39
13.63,99,1530.949951,38
14.87,101,1517.380005,42
17.059999,115,1490.719971,42
14.84,119,1507.670044,44
14.71,125,1509.119995,43
16.67,138,1493,42
14.73,138,1515.670044,39
13.64,142,1522.969971,38
13.94,144,1532.910034,42
13.42,136,1531.050049,42
12.85,128,1533.699951,42
14.67,124,1512.839966,38
14.21,130,1522.189941,42
15.75,125,1502.560059,42
16.65,111,1497.73999,40
18.889999,112,1492.890015,43
15.53,116,1506.339966,40
15.54,118,1505.709961,42
16.23,105,1503.349976,40
15.4,89,1519.430054,42
14.92,94,1524.869995,42
15.48,105,1525.400024,39
14.72,108,1530.439941,40
15.16,103,1531.849976,39
17.57,92,1510.119995,42
16.639999,98,1518.76001,40
15.54,100,1547.699951,40
15.15,98,1552.5,40
15.59,91,1549.52002,39
15.63,96,1549.369995,40
16,90,1546.170044,39
15.23,90,1553.079956,40
16.950001,1,1534.099976,43
16.809999,5,1541.569946,43
18.549999,8,1511.040039,47
18.1,7,1518.089966,47
20.74,13,1482.660034,67
24.17,5,1458.949951,71
20.870001,14,1473.910034,72
23.52,18,1455.27002,69
23.67,13,1465.810059,70
21.219999,12,1472.199951,67
25.16,14,1433.060059,70
22.940001,16,1467.670044,73
21.559999,17,1476.709961,67
21.450001,11,1497.48999,71
26.48,2,1453.089966,76
28.299999,108,1453.640015,72
26.57,88,1452.920044,76
27.68,93,1426.540039,80
30.67,132,1406.699951,89
30.83,165,1411.27002,92
29.99,177,1445.939941,93
26.33,241,1445.550049,94
25.25,187,1447.119995,95
22.889999,181,1464.069946,93
22.620001,157,1462.5,90
20.719999,123,1479.369995,87
22.719999,3,1466.790039,86
26.299999,97,1432.359985,93
23.809999,143,1463.76001,91
25.059999,151,1457.640015,93
23.379999,137,1473.98999,91
22.780001,93,1489.420044,90
24.58,96,1472.290039,92
23.99,106,1478.550049,92
26.23,115,1453.550049,97
27.379999,122,1451.699951,100
25.27,110,1471.48999,98
24.959999,122,1471.560059,100
24.76,125,1483.949951,99
24.92,130,1484.25,99
26.48,117,1476.650024,97
20.35,133,1519.780029,98
20.030001,144,1529.030029,98
20.450001,175,1518.75,90
19,175,1525.75,89
19.370001,163,1517.72998,88
18.6,168,1517.209961,88
17.629999,175,1525.420044,89
17,171,1531.380005,87
18,161,1526.75,86
17.84,148,1547.040039,84
18.49,142,1546.630005,86
18.799999,143,1539.589966,84
18.440001,142,1542.839966,82
16.91,149,1557.589966,79
17.459999,147,1552.579956,77
16.120001,145,1565.150024,75
16.67,143,1562.469971,76
18.879999,138,1554.410034,75
17.73,134,1561.800049,71
19.25,123,1548.709961,72
20.02,125,1538.530029,77
18.540001,140,1541.23999,76
18.5,160,1540.079956,79
22.959999,139,1500.630005,82
21.639999,126,1506.329956,81
20.41,127,1519.589966,83
20.799999,135,1515.880005,83
21.17,127,1514.400024,84
19.559999,129,1535.280029,83
19.870001,122,1540.97998,83
21.07,128,1531.02002,84
18.530001,138,1549.380005,84
23.209999,139,1508.439941,87
23.01,154,1509.650024,90
24.309999,148,1502.170044,88
21.389999,146,1520.27002,89
26.49,169,1475.619995,97
26.16,175,1474.77002,103
28.5,181,1453.699951,105
31.09,170.5,1439.180054,105
24.1,160,1481.050049,105
25.940001,171,1470.579956,103
28.059999,171,1451.150024,109
25.49,159,1458.73999,113
26.01,151,1433.27002,117
24.879999,165,1439.699951,122
26.84,176,1416.77002,128
25.610001,162,1440.699951,124
28.91,154,1407.219971,127
26.280001,163,1428.22998,128
24.110001,183,1469.02002,127
23.969999,180,1469.719971,133
22.870001,166,1481.140015,134
23.610001,167,1472.420044,139
23.790001,166,1462.790039,140
22.530001,169,1485.01001,145
20.959999,178,1507.339966,146
20.85,186,1504.660034,148
20.74,197,1515.959961,146
23.59,190,1477.650024,150
22.469999,204,1486.589966,150
22.559999,220,1488.410034,145
23.27,225,1467.949951,142
24.52,200,1445.900024,142
22.639999,197,1454.97998,139
21.68,202,1453,141
20.58,199,1460.119995,138
18.469999,205,1484.459961,137
18.6,175,1496.449951,136
18.66,183,1497.660034,136
20.26,190,1476.27002,139
20.74,178,1478.48999,138
22.5,152,1468.359985,139
23.17,149,1447.160034,141
22.49,151,1447.160034,144
23.940001,152,1411.630005,146
23.790001,143,1416.180054,147
25.43,145,1390.189941,150
24.120001,144,1409.130005,154
23.450001,151,1420.329956,160
23.68,157,1401.02002,164
22.9,146,1416.25,163
23.34,139,1380.949951,165
24.379999,144,1373.199951,164
28.459999,143,1333.25,168
27.18,164,1325.189941,174
31.01,204,1310.5,185
29.02,219,1338.599976,182
27.780001,220,1352.069946,182
29.08,220,1330.609985,182
27.780001,215,1353.959961,184
27.32,230,1362.300049,181
27.620001,246,1355.810059,181
26.200001,260,1378.550049,183
24.02,241,1395.420044,185
25.99,230,1380.819946,185
28.24,231,1336.640015,188
28.969999,240,1326.449951,192
27.66,246,1336.910034,193
28.01,230,1331.290039,196
27.6,220,1339.130005,196
26.33,224,1348.859985,198
24.879999,231,1367.209961,198
25.540001,243,1348.859985,197
25.02,244,1349.98999,201
25.59,250,1348.780029,194
24.4,257,1360.030029,190
25.120001,246,1342.530029,197
24.059999,248,1353.109985,199
23.030001,260,1371.800049,195
21.9,263,1381.290039,197
22.690001,276,1380.02002,198
23.530001,270,1367.680054,204
26.540001,257,1330.630005,209
26.280001,273,1331.339966,209
25.52,286,1326.75,206
24.6,306,1333.699951,213
27.549999,312,1304.339966,222
27.49,300,1293.369995,226
29.379999,300,1273.369995,230
26.360001,301,1320.650024,226
27.219999,290,1308.77002,226
27.290001,310,1315.47998,226
31.16,315,1288.140015,229
32.240002,312,1276.599976,237
25.790001,345,1330.73999,226
29.84,366,1298.420044,231
26.620001,360,1329.51001,229
25.73,321,1349.880005,221
25.719999,311,1352.98999,226
26.08,311,1341.130005,228
25.879999,315,1325.76001,228
25.709999,303,1315.219971,234
25.610001,296,1322.699951,232
22.68,306,1370.180054,230
23.43,308,1367.530029,227
23.209999,310,1369.310059,225
22.450001,304,1370.400024,227
22.42,301,1372.540039,224
22.360001,306,1365.540039,224
22.809999,307,1354.48999,225
21.98,317,1360.550049,222
23.459999,319,1332.829956,225
23.82,334,1328.319946,226
22.780001,339,1334.430054,226
20.530001,349,1364.709961,226
20.370001,341,1365.560059,221
20.129999,331,1390.329956,213
20.5,330,1388.170044,209
20.870001,336,1375.939941,208
20.26,340,1379.930054,205
20.059999,350,1388.819946,200
19.59,346,1397.839966,201
19.639999,332,1396.369995,198
20.24,328,1390.939941,198
20.790001,323,1385.589966,197
18.879999,322,1409.339966,191
18.18,328,1413.900024,184
18.9,324,1407.48999,188
18.209999,319,1418.26001,188
19.73,309,1392.569946,192
19.4,302,1397.680054,195
19.41,297,1388.280029,194
17.790001,290,1403.579956,193
17.98,296,1403.040039,191
17.66,299,1408.660034,193
16.299999,289,1423.569946,195
16.469999,290,1425.349976,193
17.01,290,1426.630005,194
17.58,281,1413.400024,195
18.59,284,1390.709961,195
18.049999,295,1394.349976,193
19.549999,288,1375.930054,193
19.639999,293,1385.349976,195
19.07,303,1390.839966,190
18.139999,307,1398.26001,191
17.83,306,1400.380005,187
19.83,302,1385.670044,192
20.24,296,1377.650024,190
20.799999,303,1377.199951,191
18.629999,310,1404.050049,188
23.559999,298,1360.680054,191
23.120001,302,1361.76001,181
23.18,298,1358.439941,181
24.120001,303,1335.48999,184
23.33,312,1339.869995,177
21.219999,317,1360.030029,177
20.950001,307,1360.140015,179
21.129999,313,1350.930054,181
22.24,312,1337.810059,182
21.58,320,1342.829956,179
22.870001,318,1317.930054,182
22.639999,321,1318,180
22.42,316,1314.290039,185
21.139999,320,1321.969971,183
23.93,322,1283.150024,187
23.440001,320,1278.380005,191
23.950001,298,1280,192
23.65,303,1284.910034,193
25.92,306,1261.52002,192
24.780001,304,1262.900024,195
25.780001,297,1252.310059,197
23.15,294,1273.699951,198
25.23,292,1244.689941,201
25.59,305,1253.390015,204
27.49,323,1239.48999,202
28.48,327,1228.300049,203
28.540001,337,1214.910034,209
25.1,349,1245.359985,211
25.01,353,1260.319946,207
24.049999,352,1260.680054,204
23.049999,350,1260,205
21.18,348,1277,200
21.309999,346,1282.189941,201
23.440001,327,1252.540039,206
22.91,327,1257.76001,204
24.23,322,1234.369995,203
22.030001,326,1263.199951,200
21.209999,326,1284.26001,204
22.940001,320,1267.380005,209
22.57,320,1260.310059,208
23.49,312,1249.01001,209
21.139999,318,1284.880005,207
20.23,331,1289.189941,211
21.15,315,1266.069946,212
20.66,313,1296.319946,210
20.120001,301,1305.319946,211
21.17,294,1289.589966,213
21.549999,298,1285.829956,212
20.34,289,1292.930054,213
19.58,288,1298.199951,214
20.98,289,1278.599976,213
21.280001,292,1266.689941,215
20.42,297,1274.540039,218
19.82,301,1277.719971,215
18.809999,306,1292.199951,214
20.969999,294,1266.839966,217
20.49,297,1271.51001,218
19.76,299,1281.660034,217
19.43,294,1300.680054,216
20.65,300,1282.829956,216
21.99,291,1277.579956,220
21.43,290,1274.97998,219
24.030001,284,1236.829956,224
23.059999,287,1242.310059,224
22.639999,284,1267.790039,224
25.469999,285,1224.51001,222
24.52,289,1232.040039,224
24.389999,292,1249.050049,228
25.66,314,1251.699951,230
31.700001,334,1192.699951,253
30.299999,353,1213.599976,255
36.220001,427,1156.390015,269
33.099998,420,1206.51001,265
32.07,368,1255.079956,263
33.849998,344,1207.089966,264
35.720001,394,1188.219971,263
35.189999,420,1185.869995,264
32.82,401,1209.180054,271
34.740002,387,1213.27002,272
46.720001,356,1106.420044,277
39.389999,382,1166.359985,276
39.810001,381,1161.060059,279
45.259998,392,1114.280029,283
45.139999,401,1099.22998,284
52.049999,383,1056.890015,286
53.68,357,996.22998,289
57.529999,393,984.940002,288
63.919998,413,909.919983,287
69.949997,453,899.219971,297
54.990002,458,1003.349976,295.5
55.130001,463,998.01001,294
69.25,471,907.840027,303
67.610001,442,946.429993,307
70.330002,404,940.549988,331
52.970001,356,985.400024,336
53.110001,355,955.049988,344
69.650002,349,896.780029,344
67.800003,354,908.109985,333
79.129997,376,876.77002,338
80.059998,384,848.919983,344
66.959999,401,940.51001,343
69.959999,420,930.090027,342
62.900002,448,954.090027,336
59.889999,444,968.75,337
53.68,436,966.299988,337
47.73,422,1005.75,340
54.560001,422,952.77002,337
63.68,432,904.880005,335
56.099998,441,930.98999,331
59.98,442,919.210022,328
61.439999,444,898.950012,328.5
66.459999,446,852.299988,329
59.830002,451,911.289978,338
66.309998,446,873.289978,340
69.150002,445,850.75,342
67.639999,430,859.119995,353
74.260002,420,806.580017,355
80.860001,396,752.440002,367
72.669998,407,800.030029,365
64.699997,411,851.809998,364
60.900002,390,857.390015,370
54.919998,383,887.679993,373
55.279999,381,896.23999,376
68.510002,354,816.210022,378
62.98,351,848.809998,377
60.720001,354,870.73999,379
63.639999,342,845.219971,380
59.93,354,876.070007,374
58.490002,363,909.700012,371
58.91,353,888.669983,373
55.73,358,899.23999,370
55.779999,352,873.590027,374
54.279999,347,879.72998,375
56.759998,339,868.570007,376
52.369999,322,913.179993,377
49.84,304,904.419983,371
47.34,297,885.280029,372
44.93,300,887.880005,369
44.560001,304,871.630005,368
45.02,305,863.159973,369
44.209999,309,868.150024,366
43.380001,302,872.799988,366
43.900002,296,869.419983,367
41.630001,290,890.640015,364
40,303,903.25,362
39.189999,327,931.799988,354
39.080002,324,927.450012,362
38.560001,326,934.700012,359
43.389999,330,906.650024,353
42.560001,327,909.72998,353
42.82,325,890.349976,354
45.84,311,870.26001,353
43.27,311,871.789978,354
49.139999,301,842.619995,350
51,301,843.73999,350
46.110001,313,850.119995,339
56.650002,316,805.219971,339
46.419998,334,840.23999,342
47.290001,341,827.5,346
47.27,343,831.950012,347
45.689999,345,836.570007,344
42.25,335,845.710022,332
39.66,341,874.090027,334
42.630001,353,845.140015,329
44.84,352,825.880005,327
45.52,338,825.440002,324
43.060001,346,838.51001,323
43.849998,354,832.22998,320
43.73,355,845.849976,315
43.369999,366,868.599976,309
43.639999,364,869.890015,307
46.669998,348,827.159973,306
44.529999,337,833.73999,308
41.25,335,835.190002,310
42.93,349,826.840027,316
48.66,321,789.169983,319
48.459999,332,788.419983,313
47.080002,344,778.940002,318
49.299999,340,770.049988,317
52.619999,338,743.330017,316
45.490002,337,773.140015,315
44.669998,354,764.900024,312
44.66,360,752.830017,315
46.349998,365,735.090027,314
52.650002,352,700.820007,320
50.93,355,696.330017,325
47.560001,364,712.869995,322
50.169998,352,682.549988,325
49.330002,351,683.380005,326
49.68,355,676.530029,328
44.369999,364,719.599976,331
43.610001,361,721.359985,331
41.18,356,750.73999,336
42.360001,358,756.549988,340
43.740002,362,753.890015,341
40.799999,367,778.119995,344
40.060001,319,794.349976,365
43.68,330,784.039978,363
45.889999,332,768.539978,364
43.23,335,822.919983,365
42.93,336,806.119995,361
42.25,351,813.880005,360
40.360001,350,832.859985,358
41.040001,353,815.940002,354
45.540001,344,787.530029,357
44.139999,339,797.869995,356
42.279999,335,811.080017,352
42.040001,344,834.380005,351
39.700001,359,842.5,350
40.93,364,835.47998,350
40.389999,362,815.549988,349
38.849998,357,825.159973,348
36.529999,367,856.559998,345
37.810001,359,858.72998,344
37.669998,352,841.5,344
36.169998,356,852.059998,337
35.790001,362,865.299988,336
33.939999,373,869.599976,330
39.18,363,832.390015,326
37.139999,368,850.080017,321
38.099998,373,843.549988,324
37.150002,375,851.919983,321
36.82,382,866.22998,317
38.32,371,857.51001,321
37.950001,381,855.159973,316
36.080002,390,873.640015,311
36.5,391,872.809998,306
35.299999,394,877.52002,305
34.529999,389,907.23999,304
33.360001,390,903.799988,302
32.450001,388,919.530029,301
33.439999,400,907.390015,300
32.049999,399,929.22998,296
32.869999,387,909.23999,299
31.799999,387,908.349976,297
33.650002,383,883.919983,297
31.370001,383,893.070007,298
33.119999,386,882.880005,296
30.24,392,909.710022,296
28.799999,396,908.130005,295
29.030001,390,903.469971,293
31.35,405,888.330017,292
32.630001,416,887,291
30.620001,421,910.330017,290
32.360001,443,893.059998,287
31.67,441,906.830017,285
28.92,422,919.140015,282
30.040001,447,942.869995,281
29.629999,440,944.73999,280
31.02,431,931.76001,279
30.18,447,942.460022,278
29.620001,453,940.090027,275
29.77,461,939.140015,266
28.27,456,942.429993,270
28.459999,469,939.150024,263
28.110001,458,944.890015,265
28.15,451,946.210022,265
30.809999,448,923.719971,262
32.68,439,911.969971,261
31.540001,440,910.710022,254
30.030001,457,918.369995,248
27.99,449,921.22998,241
31.17,441,893.039978,238
30.58,434,895.099976,240
29.049999,442,900.940002,239
26.360001,426,920.26001,251
25.93,421,918.900024,252
25.35,420,927.22998,256
26.35,423,919.320007,251
26.219999,427,923.330017,252
27.950001,423,896.419983,250
29,422,898.719971,253
30.85,417,881.030029,253
31.299999,404,879.559998,253
29.780001,414,882.679993,258
29.02,403,879.130005,258
26.309999,409,901.049988,257
25.02,421,905.840027,255
25.889999,434,932.679993,250
25.42,429,940.73999,247
24.34,439,940.380005,243
24.4,431,951.130005,242
23.870001,420,954.580017,242
23.469999,428,954.070007,240
23.43,442,976.289978,235
23.09,441,979.26001,228
24.280001,445,982.179993,227
25.01,442,979.619995,219
25.610001,439,975.150024,210
25.4,438,986.75,200
25.92,423,987.47998,198
25.559999,436,1002.630005,191
24.889999,441,1005.650024,186
24.9,451,1002.719971,182
25.67,451,997.080017,177
24.76,459,1010.47998,172
24.99,450,1007.099976,172
25.99,442,994.349976,175
25.450001,444,1005.809998,184
24.709999,431,1012.72998,186
24.27,426,1004.090027,189
27.889999,419,979.72998,195
26.18,422,989.669983,194
26.26,417,996.460022,197
25.09,414,1007.369995,196
25.01,428,1026.130005,193
25.139999,420,1025.569946,192
24.92,417,1028,188
24.950001,418,1028.119995,185
24.68,421,1030.97998,183
24.76,420,1028.930054,182
26.01,414,1020.619995,185
29.15,413,998.039978,188
28.9,404,994.75,186
27.1,407,1003.23999,187
25.26,420,1016.400024,187
25.620001,422,1025.390015,185
24.32,423,1033.369995,188
23.549999,411,1044.140015,183
24.15,409,1042.72998,184
23.860001,417,1049.339966,181
23.42,423,1052.630005,180
23.690001,427,1068.76001,178
23.65,421,1065.48999,174
23.92,430,1068.300049,172
24.059999,427,1064.660034,173
23.08,424,1071.660034,171
23.49,422,1060.869995,171
24.950001,419,1050.780029,173
25.610001,413,1044.380005,170
24.879999,409,1062.97998,168
25.190001,407,1060.609985,168
25.610001,406,1057.079956,173
28.27,400,1029.849976,177
28.68,403,1025.209961,180
26.84,405,1040.459961,182
25.700001,408,1054.719971,181
24.68,401,1057.579956,179
24.18,410,1065.47998,183
23.120001,422,1071.48999,183
23.01,419,1076.189941,182.5
22.99,416,1073.189941,182
22.860001,427,1092.02002,183
21.719999,431,1096.560059,183
21.43,425,1087.680054,180
21.49,422,1097.910034,178
20.9,416,1091.060059,178
22.219999,424,1081.400024,176
20.690001,427,1092.910034,175
22.27,433,1079.599976,167
24.309999,440,1066.949951,170
24.83,430,1063.410034,171
27.91,426,1042.630005,172
24.76,436,1066.109985,173
30.690001,425,1036.189941,173
29.780001,428,1042.880005,172
28.809999,433,1045.410034,174
27.719999,441,1046.5,176
25.43,442,1066.630005,173
24.190001,437,1069.300049,173
23.15,434,1093.079956,176
22.84,432,1093.01001,179
23.040001,429.5,1098.51001,180
24.24,427,1087.23999,181
23.360001,426,1093.47998,180
22.889999,415,1109.300049,179
22.41,416,1110.319946,179
21.629999,421,1109.800049,181
22.629999,422,1094.900024,179
22.190001,423,1091.380005,180
21.16,421,1106.23999,179
20.469999,416,1105.650024,180
20.48,412,1110.630005,182
24.74,407,1091.48999,186
24.51,404,1095.630005,186
21.92,411,1108.859985,187
21.120001,416,1109.23999,182
22.459999,422,1099.920044,180
21.25,431,1105.97998,178
22.1,429,1103.25,180
23.690001,426,1091.939941,179
22.66,431,1095.949951,176
22.32,436,1102.349976,180
21.59,441,1106.410034,173
21.15,441,1114.109985,166
21.49,444,1107.930054,167
20.540001,446,1109.180054,164
22.51,435,1096.079956,162
21.68,439,1102.469971,160
20.49,450,1114.050049,156
19.540001,457,1118.02002,152
19.709999,459,1120.589966,150
19.469999,466,1126.47998,152
19.93,463,1127.780029,151
20.01,461,1126.199951,146
19.959999,464,1126.420044,143
21.68,468,1115.099976,141
20.040001,466,1132.98999,141
19.35,459,1136.52002,140
19.16,468,1137.140015,136
19.059999,469,1141.689941,135
18.129999,467,1144.97998,136
17.549999,470,1146.97998,134
18.25,458,1136.219971,135
17.85,463,1145.680054,137
17.629999,460,1148.459961,133
17.91,453,1136.030029,135
17.58,456,1150.22998,135
18.68,452,1138.040039,135
22.27,445,1116.47998,138
27.309999,445,1091.76001,140
25.41,449,1096.780029,143
24.549999,447,1092.170044,146
23.139999,447,1097.5,144
23.73,449,1084.530029,144
24.620001,444,1073.869995,144
22.59,447,1089.189941,144
21.48,446,1103.319946,143
21.6,452,1097.280029,145
26.08,442,1063.109985,149
26.110001,438,1066.189941,149
26.51,439,1056.73999,151
26,444,1070.52002,152
25.4,450,1068.130005,153
23.959999,451,1078.469971,157
22.73,448,1075.51001,159
22.25,445,1094.869995,160
21.719999,453,1099.51001,160
20.629999,458,1106.75,159
20.02,456,1109.170044,152
19.940001,458,1108.01001,152
21.370001,446,1094.599976,152
20.27,447,1105.23999,152
20.1,440,1102.939941,151
19.5,437,1104.48999,149
19.26,437,1115.709961,152
19.059999,437,1118.310059,151
18.83,438,1118.790039,150
18.719999,436,1122.969971,149
17.42,443,1138.699951,148
17.790001,445,1138.5,146
17.92,444,1140.449951,148
18.57,447,1145.609985,146
18.059999,446,1150.23999,143
17.58,445,1149.98999,142
18,443,1150.51001,143
17.690001,439,1159.459961,142
16.91,439,1166.209961,140
16.620001,441,1165.829956,139
16.969999,443,1159.900024,136
16.870001,441,1165.810059,137
16.35,444,1174.170044,138
17.549999,459,1167.719971,135
18.4,466,1165.72998,134
17.77,461,1166.589966,136
17.59,462,1173.219971,136
17.129999,461,1173.27002,135
17.59,457,1169.430054,134
17.469999,462,1178.099976,131
17.02,472,1187.439941,130
16.23,470,1189.439941,133
16.620001,461,1182.449951,131
16.48,463,1186.439941,130
16.139999,463,1194.369995,130
15.58,460,1196.47998,127
16.200001,457,1197.300049,127
15.59,461,1210.650024,127
15.89,459,1211.670044,129
18.360001,452,1192.130005,130
17.34,456,1197.52002,129
15.73,455,1207.170044,127
16.32,451,1205.939941,125
16.469999,453,1208.670044,125
16.620001,457,1217.280029,124
17.469999,456,1212.050049,125
22.809999,444,1183.709961,126
21.08,453,1191.359985,125
18.440001,448,1206.780029,124
22.049999,442,1186.689941,125
20.190001,444,1202.26001,124
23.84,436,1173.599976,125
24.91,432,1165.869995,127
32.799999,419,1128.150024,128
40.950001,421,1110.880005,142
28.84,430,1159.72998,140
28.32,429,1155.790039,145
25.52,429,1171.670044,148
26.68,428,1157.439941,147
31.24,417,1135.680054,146
30.84,420,1136.939941,146
33.549999,410,1120.800049,148
35.32,408,1115.050049,152
45.790001,397,1071.589966,161
40.099998,392,1087.689941,163
38.32,395,1073.650024,166
34.610001,390,1074.030029,168
35.02,393,1067.949951,174
29.68,406,1103.060059,176
32.07,404,1089.410034,176
35.540001,402,1070.709961,179
30.17,408,1098.380005,178
29.459999,414,1102.829956,179
35.48,395,1064.880005,182
36.57,394,1050.469971,187
33.700001,395,1062,186
33.73,399,1055.689941,187
30.57,412,1086.839966,188
28.790001,405,1091.599976,191
28.58,410,1089.630005,193
25.870001,412,1115.22998,192
25.92,406,1114.609985,194
25.049999,401,1116.040039,191
23.950001,402,1117.51001,191
24.879999,403,1113.199951,189
27.049999,394,1095.310059,191
26.91,389,1092.040039,192
29.74,390,1073.689941,195
28.530001,388,1076.76001,196
29,377,1074.569946,197
34.130001,371,1041.23999,199
34.540001,368,1030.709961,195
32.860001,368,1027.369995,189
30.120001,372,1022.580017,191
29.65,367,1028.060059,192
26.84,373,1060.27002,195
25.709999,378,1070.25,194
24.98,380,1077.959961,194
24.43,381,1078.75,192
24.559999,389,1095.339966,190
24.889999,381,1095.170044,189
25.139999,374,1096.47998,189
26.25,370,1064.880005,191
25.969999,371,1071.25,191
23.93,371,1083.47998,186
25.639999,363,1069.589966,185
24.629999,369,1093.670044,184
23.469999,375,1102.660034,182
22.73,376,1115.01001,179
23.190001,382,1113.839966,177
24.25,377,1106.130005,179
24.129999,377,1101.530029,179
23.5,368,1101.599976,178
22.01,372,1125.859985,177
22.629999,367,1120.459961,179
22.209999,371,1127.23999,177
22.1,368,1125.810059,180
21.74,360,1121.640015,181
22.139999,360,1127.790039,182
22.370001,353,1121.060059,192
25.389999,346,1089.469971,190
25.73,347,1083.609985,191
26.24,342,1079.25,192
26.1,331,1079.380005,187
24.33,336,1092.540039,186
24.59,337,1094.160034,181
26.440001,331,1075.630005,180
25.49,336,1071.689941,177
25.66,333,1067.359985,181
27.459999,323,1051.869995,182
26.700001,327,1055.329956,181
27.370001,323,1047.219971,182
24.450001,340,1064.589966,183
27.209999,329,1048.920044,186
26.049999,322,1049.329956,188
23.889999,334,1080.290039,188
23.190001,338,1090.099976,189
21.309999,347,1104.51001,184
23.799999,336,1091.839966,183
23.25,341,1098.869995,182
22.809999,352,1104.180054,183
21.99,356,1109.550049,181
21.209999,348,1121.900024,184
21.559999,342,1121.099976,184
22.1,348,1125.069946,187
21.719999,350,1124.660034,189
22.01,348,1125.589966,190
21.5,344,1142.709961,189
22.35,333,1139.780029,192
22.51,329,1134.280029,192
23.870001,329,1124.829956,191
21.709999,336,1148.670044,192
22.540001,327,1142.160034,191
22.6,321,1147.699951,193
23.25,325,1144.72998,193
23.700001,326,1141.199951,192
22.5,327,1146.23999,194
23.530001,326,1137.030029,197
21.76,327,1160.75,198
21.49,317,1159.969971,200
21.559999,317,1158.060059,205
20.709999,318,1165.150024,208
18.959999,319,1165.319946,208.5
18.93,320,1169.77002,209
19.07,322,1178.099976,209
19.879999,327,1173.810059,210
19.030001,334,1176.189941,213
19.09,326,1184.709961,213
20.629999,325,1165.900024,212
19.790001,326,1178.170044,210
19.27,333,1180.26001,207
18.780001,335,1183.079956,205
19.85,334,1185.619995,200
20.219999,342,1185.640015,200
20.709999,350,1182.449951,196
20.879999,345,1183.780029,203
21.200001,340,1183.26001,202
21.83,342,1184.380005,200
21.57,339,1193.569946,195
19.559999,343,1197.959961,203
18.52,329,1221.060059,211
18.26,334,1225.849976,214
18.290001,336,1223.25,212
19.08,348,1213.400024,212
18.469999,341,1218.709961,218
18.639999,346.5,1213.540039,214.5
20.610001,352,1199.209961,211
20.200001,367,1197.75,207
22.58,359,1178.339966,202
21.76,364,1178.589966,200
18.75,364,1196.689941,199
18.040001,363,1199.72998,198
18.370001,354,1197.839966,201
20.629999,351,1180.72998,200
19.559999,366,1198.349976,197
22.219999,360,1189.400024,194
21.530001,355,1187.76001,191
23.540001,353,1180.550049,190
21.360001,370,1206.069946,188
19.389999,374,1221.530029,186
18.01,378,1224.709961,189
18.02,369,1223.119995,189
17.99,390,1223.75,186
17.74,400,1228.280029,177
17.25,398,1233,173
17.610001,408,1240.400024,166
17.549999,403,1240.459961,167
17.610001,423,1241.589966,162
17.940001,428,1235.22998,161
17.389999,423,1242.869995,164
16.110001,411,1243.910034,160
16.41,411,1247.079956,162
16.49,410,1254.599976,159
15.45,411,1258.839966,160
16.469999,416,1256.77002,157
17.67,408,1257.540039,157
17.52,424,1258.51001,155
17.280001,411,1259.780029,157
17.52,415,1257.880005,156
17.75,407,1257.640015,155
17.610001,410,1271.869995,155
17.379999,411,1270.199951,158
17.02,425,1276.560059,154
17.4,418,1273.849976,154
17.139999,409,1271.5,160
17.540001,406,1269.75,162
16.889999,411,1274.47998,155
16.24,414,1285.959961,155
16.389999,408,1283.76001,158
15.46,409,1293.23999,161
15.87,412,1295.02002,159
17.309999,410,1281.920044,157
17.99,420,1280.26001,157
18.469999,417,1283.349976,155
17.65,416,1290.839966,154
17.59,408,1291.180054,153
16.639999,418,1296.630005,155
16.15,416,1299.540039,154
20.040001,410,1276.339966,157
19.530001,416,1286.119995,155
17.629999,422,1307.589966,153
17.299999,425,1304.030029,151
16.690001,433,1307.099976,148
15.93,442,1310.869995,144
16.280001,441,1319.050049,140
15.81,449,1324.569946,137
15.87,440,1320.880005,140
16.09,447,1321.869995,142
15.69,441,1329.150024,143
15.95,438,1332.319946,140
16.370001,437,1328.01001,140
16.719999,439,1336.319946,140
16.59,438,1340.430054,143
16.43,438,1343.01001,145
20.799999,423,1315.439941,149
22.129999,426,1307.400024,147
21.32,422,1306.099976,146
19.219999,418,1319.880005,147
18.35,416,1327.219971,144
21.01,416,1306.329956,146
20.700001,422,1308.439941,147
18.6,434,1330.969971,142
19.059999,426,1321.150024,147
20.66,429,1310.130005,146
19.82,434,1321.819946,146
20.219999,427,1320.02002,148
21.879999,418,1295.109985,153
20.08,421,1304.280029,150
21.129999,416,1296.390015,152
24.32,412,1281.869995,155
29.4,401,1256.880005,158
26.370001,406,1273.719971,159
24.440001,410,1279.209961,156
20.610001,413,1298.380005,151
20.209999,413,1293.77002,151
19.17,416,1297.540039,150
18,422,1309.660034,146
17.91,426,1313.800049,145
19.440001,425,1310.189941,143
18.16,429,1319.439941,146
17.709999,426,1328.26001,146
17.74,427,1325.829956,145
17.4,428,1332.410034,145
17.5,428,1332.869995,145
17.25,432,1332.630005,142
16.9,439,1335.540039,142
17.110001,443,1333.51001,144
17.870001,444,1328.170044,143
16.59,443,1324.459961,142
17.09,436,1314.160034,145
16.92,432,1314.410034,145
16.27,433,1314.52002,142
15.32,425,1319.680054,143
16.959999,422,1305.140015,145
15.83,422,1312.619995,143
15.07,426,1330.359985,142
14.69,425,1337.380005,144
15.77,421,1335.25,145
15.62,416,1347.23999,144
15.35,422,1355.660034,144
14.62,419,1360.47998,146
14.75,417,1363.609985,145
15.99,415,1361.219971,144
16.700001,414,1356.619995,144
17.08,411,1347.319946,143
18.200001,405,1335.099976,146
18.4,406,1340.199951,147
17.16,403,1346.290039,151
15.91,409,1357.160034,148
16.950001,405,1342.079956,148
16.030001,409,1348.650024,151
17.07,404,1337.77002,151
18.24,400,1329.469971,147
17.549999,397,1328.97998,146
16.23,402,1340.680054,146
15.52,401,1343.599976,148
17.43,399,1333.27002,150
18.27,396,1317.369995,149
17.82,395,1316.280029,149
17.07,396,1320.469971,151
16.09,391,1325.689941,151
15.98,391,1331.099976,152
15.45,388,1345.199951,152
18.299999,380,1314.550049,155
18.09,389,1312.939941,157
17.950001,384,1300.160034,160
18.49,385,1286.170044,162
18.07,385,1284.939941,162
18.790001,383,1279.560059,160
17.77,385,1289,160
18.860001,383,1270.97998,158
19.610001,384,1271.829956,159
18.26,395,1287.869995,158
21.32,382,1265.420044,161
22.73,377,1267.640015,162
21.85,379,1271.5,166
19.99,383,1278.359985,163
18.860001,385,1295.52002,162
18.52,388,1287.140015,161
19.290001,381,1283.5,163
21.1,375,1268.449951,170
20.559999,382,1280.099976,174
19.17,391,1296.670044,168
17.27,401,1307.410034,162
16.52,404,1320.640015,159
15.87,409,1339.670044,156
16.059999,403,1337.880005,161
16.34,400,1339.219971,160
15.95,403,1353.219971,156
15.95,389,1343.800049,160
18.389999,380,1319.48999,163
19.870001,378,1313.640015,164
19.91,380,1317.719971,163
20.799999,386,1308.869995,163
19.530001,381,1316.140015,167
20.950001,381,1305.439941,171
19.209999,377,1326.72998,165
19.09,383,1325.839966,167
17.559999,387,1343.800049,164
17.52,383,1345.02002,162
19.35,387,1337.430054,164
20.23,381,1331.939941,163
22.98,382,1304.890015,160
23.74,380,1300.670044,160
25.25,361,1292.280029,164
23.66,356,1286.939941,164
24.790001,349,1254.050049,161
23.379999,351,1260.339966,159
31.66,334,1200.069946,164
32,346,1199.380005,164
48,324,1119.459961,175
35.060001,306,1172.530029,188
42.990002,304,1120.76001,190
39,320,1172.640015,202
36.360001,311,1178.810059,201
31.870001,316,1204.48999,202
32.849998,309,1192.76001,199
31.58,305,1193.890015,198
42.669998,296,1140.650024,199
43.049999,294,1123.530029,199
42.439999,298,1123.819946,200
36.27,303,1162.349976,206
35.900002,316,1177.599976,208
39.759998,311,1159.27002,212
35.59,307,1176.800049,212
32.279999,315,1210.079956,212
32.889999,307,1212.920044,209
31.620001,310,1218.890015,212
31.82,302,1204.420044,210
33.919998,289,1173.969971,205
37,285,1165.23999,208
33.380001,292,1198.619995,212
34.32,287,1185.900024,213
38.52,281,1154.22998,215
38.59,282,1162.27002,216
36.91,288,1172.869995,219
34.599998,291,1188.680054,217
31.969999,297,1209.109985,218
30.98,296,1216.01001,218
32.73,285,1204.089966,218
32.860001,283,1202.089966,222
37.32,276,1166.76001,213
41.349998,261,1129.560059,219
41.25,272,1136.430054,218
39.02,278,1162.949951,224
37.709999,288,1175.380005,226
41.080002,290,1151.060059,222
38.84,286,1160.400024,217
42.959999,279,1131.420044,217
45.450001,267,1099.22998,218
40.82,269,1123.949951,220
37.810001,281,1144.030029,223
36.27,289,1164.969971,221
36.200001,298,1155.459961,219
33.02,301.5,1194.890015,219
32.860001,305,1195.540039,219
31.26,311,1207.25,220
30.700001,306,1203.660034,216
28.24,313,1224.579956,213
33.389999,303,1200.859985,213
31.559999,304,1225.380005,210
34.439999,304,1209.880005,208
34.779999,306,1215.390015,207
31.32,310,1238.25,205
29.26,312,1254.189941,203
32.220001,302,1229.050049,201
29.860001,310,1242,197
25.459999,329,1284.589966,191
24.530001,322,1285.089966,186
29.959999,305,1253.300049,189
34.77,289,1218.280029,190
32.740002,291,1237.900024,190
30.5,297,1261.150024,191
30.16,294,1253.22998,193
29.85,292,1261.119995,189
27.48,298,1275.920044,192
36.16,288,1229.099976,195
32.810001,292,1239.699951,201
30.040001,292,1263.849976,200.5
31.129999,292,1251.780029,200
31.219999,294,1257.810059,201
33.509998,289,1236.910034,204
34.509998,283,1216.130005,203
32,289,1215.650024,201
32.91,284,1192.97998,202
31.969999,281,1188.040039,204
33.98,276,1161.790039,202
34.470001,284,1158.670044,205
32.130001,283,1192.550049,206
30.639999,287,1195.189941,209
27.799999,296,1246.959961,211
27.41,299,1244.579956,217
27.52,292,1244.280029,211
27.84,292,1257.079956,212
28.129999,296,1258.469971,213
28.67,289,1261.01001,213
30.59,287,1234.349976,213
26.379999,295,1255.189941,215
25.67,291,1236.469971,214
25.41,284,1225.72998,216
26.040001,280,1211.819946,211
25.110001,281,1215.75,214
24.290001,275,1219.660034,213
24.92,270,1205.349976,213
23.219999,282,1241.300049,214
21.43,286,1243.719971,217
21.16,285,1254,216
20.73,291,1265.329956,219
21.91,289,1265.430054,217
23.52,281,1249.640015,212
22.65,278,1263.02002,215
23.4,276,1257.599976,214
22.969999,284,1277.060059,216
22.219999,287,1277.300049,217
21.48,289,1281.060059,214
20.629999,285,1277.810059,214
21.07,286,1280.699951,215
20.690001,287,1292.079956,212
21.049999,280,1292.47998,214
20.469999,280,1295.5,214
20.91,275,1289.089966,211
22.200001,273,1293.670044,211
20.889999,278,1308.040039,212
19.870001,285,1314.5,209
18.280001,289,1315.380005,211
18.67,294,1316,211
18.91,293,1314.650024,212
18.309999,286,1326.060059,218
18.57,280,1318.430054,215
18.530001,276,1316.329956,215
19.4,271,1313.01001,212
19.440001,266,1312.410034,211
18.549999,270,1324.089966,212
17.98,267,1325.540039,212
17.1,278,1344.900024,213
17.76,274,1344.329956,209
17.65,281,1347.050049,206
18.16,281,1349.959961,204
18.629999,284,1351.949951,205
20.790001,276,1342.640015,204
19.040001,277,1351.77002,206
19.540001,269,1350.5,205
21.139999,271,1343.22998,206
19.219999,278,1358.040039,204
17.780001,281,1361.22998,204
18.190001,286,1362.209961,202
18.190001,281,1357.660034,202
16.799999,279,1363.459961,201
17.309999,277,1365.73999,199
18.190001,269,1367.589966,199
17.959999,273,1372.180054,199
18.43,279,1365.680054,197
17.26,284,1374.089966,197
17.290001,281,1369.630005,196
18.049999,281,1364.329956,198
20.870001,277,1343.359985,197
19.07,279,1352.630005,198
17.950001,284,1365.910034,198
17.110001,284,1370.869995,198
15.64,284,1371.089966,196
14.8,295,1395.949951,195
15.31,309,1394.280029,194
15.42,310,1402.599976,194
14.47,311,1404.170044,191
15.04,318,1409.75,190
15.58,317,1405.52002,189
15.13,311,1402.890015,187
15.57,310,1392.780029,188
14.82,306,1397.109985,188
14.26,306,1416.51001,188
15.59,300,1412.52002,191
15.47,301,1405.540039,190
15.48,300,1403.280029,190
15.5,305,1408.469971,194
15.64,303,1419.040039,195
15.66,311,1413.380005,193
16.440001,306,1398.959961,195
16.700001,300,1398.079956,196
18.809999,286,1382.199951,198
20.389999,281,1358.589966,201
20.02,285,1368.709961,203
17.200001,288,1387.569946,202
19.549999,282,1370.26001,202
19.549999,281,1369.569946,201
18.459999,284,1390.780029,201
18.639999,282,1385.140015,202
18.360001,280,1376.920044,202
17.440001,280,1378.530029,204
18.969999,277,1366.939941,203
18.1,280,1371.969971,202
16.82,281,1390.689941,204
16.24,278,1399.97998,206
16.32,276,1403.359985,206
17.15,274,1397.910034,207
16.6,278,1405.819946,209
16.879999,277,1402.310059,206
17.559999,276,1391.569946,205
19.16,273,1369.099976,206
18.940001,271,1369.579956,205
19.049999,268,1363.719971,206
20.08,267,1354.579956,209
18.83,268,1357.98999,208
19.889999,263,1353.390015,209
21.870001,257,1338.349976,209
21.969999,256,1330.660034,211
22.27,255,1324.800049,212
24.49,249,1304.859985,210
25.1,252,1295.219971,214
22.01,255,1315.98999,212
22.48,259,1316.630005,221
22.33,253,1318.859985,220
21.540001,256,1320.680054,223
21.76,255,1317.819946,224
21.030001,254,1332.420044,225
24.139999,245,1313.319946,227
24.059999,241,1310.329956,227
26.66,229,1278.040039,228
26.120001,234,1278.180054,227
24.68,238,1285.5,227
22.16,246,1315.130005,228
21.719999,246,1314.98999,230
21.23,245,1325.660034,231
23.559999,240,1308.930054,233
22.09,246,1324.180054,230
24.27,240,1314.880005,230
21.68,242,1329.099976,227
21.110001,240,1342.839966,229
18.32,238,1344.780029,229
18.379999,244,1357.97998,228
17.24,245,1355.689941,225
20.08,243,1325.51001,222
18.110001,249,1335.02002,223
20.379999,242,1313.719971,223
19.719999,245,1319.98999,221
19.450001,245,1331.849976,222
19.709999,240,1329.040039,224
17.08,247,1362.160034,226
16.799999,240,1365.51001,227
16.66,245,1374.02002,228
17.5,243,1367.579956,230
17.1,238,1354.680054,228
17.98,233,1352.459961,228
18.719999,233,1341.469971,226
17.950001,233,1341.449951,223
18.33,229,1334.76001,224
16.74,231,1356.780029,224
17.110001,229,1353.640015,222
16.48,232,1363.670044,222
16.16,232,1372.780029,220
15.45,234,1376.51001,221
16.27,229,1362.660034,218
18.620001,226,1350.52002,218
20.469999,223,1338.310059,216
19.34,222,1337.890015,217
17.530001,223,1360.02002,217
16.700001,236,1385.969971,216
18.030001,231,1385.300049,213
18.93,229,1379.319946,214
18.959999,235,1375.319946,213
17.57,231,1365,211
15.64,240,1390.98999,213
15.95,238,1394.22998,211
15.99,244,1401.349976,211
15.32,246,1402.219971,210
15.28,247,1402.800049,210
14.74,244,1405.869995,210
13.7,243,1404.109985,211
14.85,251,1403.930054,212
14.63,260,1405.530029,214
14.29,263,1415.51001,213
13.45,261,1418.160034,212
14.02,260,1418.130005,210
15.02,258,1413.170044,210
15.11,249,1413.48999,209
15.96,246,1402.079956,207
15.18,247,1411.130005,208
16.35,243,1410.439941,206
16.49,243,1409.300049,206
17.059999,243,1410.48999,206
17.83,242,1399.47998,207
17.469999,237,1406.579956,208
17.98,238,1404.939941,205
17.74,238,1403.439941,205
15.6,246,1432.119995,206
14.38,245,1437.920044,207
16.280001,247,1429.079956,207
16.41,249,1433.560059,205
15.8,256,1436.560059,205
14.05,254,1459.98999,208
14.51,266,1465.77002,202
14.59,263,1461.189941,199
14.18,261,1459.319946,196
13.88,257,1461.050049,194
14.07,258,1460.26001,191
13.98,255,1460.150024,193
14.15,252,1456.890015,189
15.43,248,1441.589966,190
16.809999,242,1433.319946,190
14.84,246,1447.150024,192
15.73,244,1440.670044,194
16.32,244,1444.48999,193
15.71,244,1445.75,191
15.43,244,1450.98999,190
14.55,249,1461.400024,186
14.33,253,1460.930054,185
15.11,253,1455.880005,182.5
16.370001,253,1441.47998,180
16.290001,251,1432.560059,177
15.59,249,1432.839966,174
16.139999,247,1428.589966,172
15.27,248,1440.130005,170
15.22,255,1454.920044,167
15.07,261,1460.910034,164
15.03,265,1457.339966,159
17.059999,258,1433.189941,158
16.620001,262,1433.819946,155
18.83,257,1413.109985,160
18.33,258,1408.75,161
18.120001,264,1412.969971,160
17.809999,255,1411.939941,163
18.6,250,1412.160034,160
16.690001,255,1427.589966,162
17.59,255,1414.199951,164
18.42,250,1417.26001,161
17.58,257,1428.390015,161
19.08,247,1394.530029,165
18.49,241,1377.51001,167
18.610001,241,1379.849976,169
16.68,239,1380.030029,170.5
16.65,237,1374.530029,172
17.92,238,1355.48999,174
17.99,239,1353.329956,177
16.41,241,1359.880005,177
15.24,241,1386.890015,178
15.08,247,1387.810059,177
15.31,248,1391.030029,176
15.14,249,1409.150024,176
15.5,245,1406.290039,177
15.92,243,1398.939941,178
15.51,242,1409.930054,178
15.06,242,1415.949951,182
15.87,243,1416.180054,182
16.639999,242,1409.459961,182
17.120001,241,1407.050049,181
16.459999,239,1409.280029,184
16.58,238,1413.939941,183
15.9,244,1418.069946,183
16.049999,243,1418.550049,182
15.57,247,1427.839966,182
15.95,254,1428.47998,181
16.559999,257,1419.449951,179
17,257,1413.579956,177
16.34,262,1430.359985,177
15.57,267,1446.790039,179
17.360001,266,1435.810059,176
17.67,264,1443.689941,176
17.84,260,1430.150024,173
17.84,262,1426.660034,173
19.48,257,1419.829956,174
19.469999,255,1418.099976,171
22.719999,261,1402.430054,172
18.02,262,1426.189941,172
14.68,267,1462.420044,172
14.56,273,1459.369995,171
13.83,275,1466.469971,168
13.79,274,1461.890015,167
13.62,271,1457.150024,168
13.81,271,1461.02002,168
13.49,274,1472.119995,167
13.36,271,1472.050049,167
13.52,270,1470.680054,167
13.55,266,1472.339966,168
13.42,265,1472.630005,171
13.57,271,1480.939941,171
12.46,268,1485.97998,169
12.43,267,1492.560059,169
12.46,267,1494.810059,170
12.69,269,1494.819946,169
12.89,279,1502.959961,169
13.57,282,1500.180054,169
13.31,285,1507.839966,168
14.32,285,1501.959961,171
14.28,284,1498.109985,169
12.9,287,1513.170044,171
14.67,282,1495.709961,172
13.72,286,1511.290039,172
13.41,282,1512.119995,173
13.5,281,1509.390015,172
13.02,281,1517.930054,173
12.94,279,1517.01001,171
12.64,282,1519.430054,172
12.98,284,1520.329956,171
12.66,278,1521.380005,172
12.46,280,1519.790039,172
12.31,280,1530.939941,173
14.68,279,1511.949951,174
15.22,275,1502.420044,174
14.17,273,1515.599976,174
18.99,265,1487.849976,176
16.870001,263,1496.939941,177
14.73,269,1515.98999,177
15.51,267,1514.680054,176
15.36,264,1518.199951,177
14.01,266,1525.199951,177
13.48,271,1539.790039,177
13.53,274,1541.459961,176
13.06,279,1544.26001,176
12.59,285,1551.180054,175
11.56,286,1556.219971,174
12.27,282,1552.47998,174
11.83,284,1554.52002,172
11.3,283,1563.22998,175
11.3,281,1560.699951,176
13.36,278,1552.099976,178
14.39,274,1548.339966,177
12.67,278,1558.709961,177
13.99,277,1545.800049,177
13.57,275,1556.890015,177
13.74,274,1551.689941,178
12.77,274,1563.77002,178
13.15,267,1562.849976,180
12.7,269,1569.189941,183
13.58,267,1562.170044,178
12.78,270,1570.25,178
14.21,266,1553.689941,178
13.89,260,1559.97998,175
13.92,254,1553.280029,169
13.19,258,1563.069946,169
12.84,261,1568.609985,169
12.36,266,1587.72998,170
12.24,264,1593.369995,171
12.06,258,1588.849976,169
17.27,255,1552.359985,169
13.96,258,1574.569946,168
16.51,256,1552.01001,168
17.559999,256,1541.609985,167
14.97,257,1555.25,168
14.39,256,1562.5,169
13.48,258,1578.780029,167
13.61,256,1578.790039,167
13.62,258,1585.160034,168
13.61,254,1582.23999,168
13.71,254,1593.609985,169
13.52,254,1597.569946,170
14.49,249,1582.699951,169
13.59,250,1597.589966,168
12.85,262,1614.420044,169
12.66,265,1617.5,170
12.83,267,1625.959961,169
12.66,266,1632.689941,167
13.13,266,1626.670044,169
12.59,275,1633.699951,169
12.55,276,1633.77002,168
12.77,280,1650.339966,168
12.81,279,1658.780029,169
13.07,273,1650.469971,168
12.45,280,1667.469971,168
13.02,281,1666.290039,167
13.37,279,1669.160034,168
13.82,288,1655.349976,165
14.07,286,1650.51001,164
13.99,286,1649.599976,162
14.48,299,1660.060059,160
14.83,297,1648.359985,162
14.53,298,1654.410034,164
16.299999,301,1630.73999,166
16.280001,297,1640.420044,169
16.27,299,1631.380005,173
17.5,294,1608.900024,176
16.629999,292,1622.560059,175
15.14,302,1643.380005,176
15.44,306,1642.810059,176
17.07,304,1626.130005,178
18.59,309,1612.52002,178
16.41,303,1636.359985,179
17.15,298,1626.72998,180
16.799999,303,1639.040039,180
16.610001,304,1651.810059,179
16.639999,317,1628.930054,174
20.49,325,1588.189941,180
18.9,336,1592.430054,174
20.110001,340,1573.089966,173
18.469999,343,1588.030029,175
17.209999,338,1603.26001,176
16.860001,332,1613.199951,179
16.860001,337,1606.280029,170
16.370001,335,1614.959961,170
16.440001,334,1614.079956,168
16.200001,336,1615.410034,167
14.89,358,1631.890015,164
14.78,349,1640.459961,166
14.35,350,1652.319946,165
14.21,355,1652.619995,162
14.01,345,1675.02002,164
13.84,346,1680.189941,164
13.79,342,1682.5,163
14.42,341,1676.26001,161
13.78,338,1680.910034,161
13.77,342,1689.369995,162
12.54,336,1692.089966,161
12.29,335,1695.530029,158
12.66,340,1692.390015,157
13.18,347,1685.939941,154
12.97,348,1690.25,156
12.72,344,1691.650024,154
13.39,347,1685.329956,156
13.39,348,1685.959961,155
13.45,345,1685.72998,155
12.94,359,1706.869995,153
11.98,348,1709.670044,155
11.84,351,1707.140015,157
12.72,352,1697.369995,156
12.98,345,1690.910034,159
12.73,342,1697.47998,160
13.41,341,1691.420044,161
12.81,344,1689.469971,159
12.31,354,1694.160034,159
13.04,355,1685.390015,159
14.73,361,1661.319946,157
14.37,368,1655.829956,157
15.1,371,1646.060059,157
14.91,367,1652.349976,159
15.94,372,1642.800049,158
14.76,376,1656.959961,155
13.98,368,1663.5,154
14.99,364,1656.780029,154
16.77,356,1630.47998,153
16.49,364,1634.959961,152
16.809999,362,1638.170044,149
17.01,364,1632.969971,143
16.610001,373,1639.77002,145
15.88,377,1653.079956,142
15.77,385,1655.079956,142
15.85,381,1655.170044,146
15.63,377,1671.709961,147
14.53,383,1683.98999,148
13.82,380,1689.130005,148
14.29,380,1683.420044,148
14.16,378,1687.98999,151
14.38,375,1697.599976,155
14.53,374,1704.76001,154
13.59,357,1725.52002,162
13.16,364,1722.339966,159
13.12,363,1709.910034,155
14.31,359,1701.839966,157
14.08,354,1697.420044,155
14.01,350,1692.77002,157
14.06,355,1698.670044,159
15.46,351,1691.75,160
16.6,351,1681.550049,162
15.54,353,1695,163
16.6,350,1693.869995,164
17.67,348,1678.660034,165
16.74,352,1690.5,163
19.41,351,1676.119995,161
20.34,350,1655.449951,158
19.6,352,1656.400024,158
16.48,355,1692.560059,155
15.72,351,1703.199951,155
16.07,350.5,1710.140015,154
18.66,350,1698.060059,153
14.71,348,1721.540039,153
13.48,345,1733.150024,153
13.04,345,1744.5,153
13.16,348,1744.660034,152
13.33,339,1754.670044,153
13.42,336,1746.380005,154
13.2,339,1752.069946,155
13.09,338,1759.77002,153
13.31,339,1762.109985,153
13.41,338,1771.949951,156
13.65,340,1763.310059,155
13.75,342,1756.540039,152
13.28,350,1761.640015,151
12.93,347,1767.930054,153
13.27,353,1762.969971,153
12.67,351,1770.48999,157
13.91,347,1747.150024,157
12.9,360,1770.609985,156
12.53,360.5,1771.890015,155
12.82,361,1767.689941,154
12.52,356,1782,156
12.37,350,1790.619995,159
12.19,352,1798.180054,157
13.1,347,1791.530029,153
13.39,352,1787.869995,153
13.4,361,1781.369995,154
12.66,361,1795.849976,152
12.26,357,1804.76001,152
12.79,355,1802.47998,152
12.81,353,1802.75,150
12.98,356,1807.22998,150
13.7,358,1805.810059,148
14.23,365,1800.900024,147
14.55,362,1795.150024,147
14.7,367,1792.810059,149
15.08,371,1785.030029,146
13.79,371,1805.089966,145
13.49,368,1808.369995,144
13.91,363,1802.619995,143
15.42,368,1782.219971,142
15.54,371,1775.5,140
15.76,370,1775.319946,137
16.030001,371,1786.540039,137
16.209999,367,1781,137
13.8,371,1810.650024,137
14.15,377,1809.599976,129
13.79,371,1818.319946,125
13.04,376,1827.98999,122
12.48,381,1833.319946,123
12.33,382,1842.02002,124
12.46,384,1841.400024,124
13.56,381,1841.069946,122
13.72,386,1848.359985,120
14.23,382,1831.97998,121
13.76,383,1831.369995,121
13.55,382,1826.77002,119
12.92,381,1837.880005,119
12.87,385,1837.48999,118
12.89,382,1838.130005,118
12.14,372,1842.369995,119
13.28,370,1819.199951,121
12.28,373,1838.880005,121
12.28,375,1848.380005,119
12.53,371,1845.890015,119
12.44,368,1838.699951,120
12.87,370,1843.800049,117
12.84,372,1844.859985,117
13.77,364,1828.459961,119
18.139999,360,1790.290039,122
17.42,362,1781.560059,123
15.8,361,1792.5,122
17.35,354,1774.199951,125
17.290001,359,1794.189941,123
18.41,354,1782.589966,127
21.440001,345,1741.890015,126
19.110001,347,1755.199951,128
19.950001,352,1751.640015,129
17.23,355,1773.430054,127
15.29,352,1797.02002,129
15.26,352,1799.839966,129
14.51,359,1819.75,126
14.3,364,1819.26001,123
14.14,359,1829.829956,126
13.57,362,1838.630005,125
13.87,355,1840.76001,127
15.5,356,1828.75,128
14.79,360,1839.780029,126
14.68,357,1836.25,125
14.23,359,1847.609985,125
13.67,354,1845.119995,125
14.35,351,1845.160034,125
14.04,350,1854.290039,123
14,350,1859.449951,122
16,344,1845.72998,124
14.1,354,1873.910034,122
13.89,353,1873.810059,123
14.21,358,1877.030029,124
14.11,363,1878.040039,121
14.2,363,1877.170044,123
14.8,361,1867.630005,124
14.47,357,1868.199951,125
16.219999,350,1846.339966,126
17.82,349,1841.130005,127
15.64,353,1858.829956,127
14.52,352,1872.25,129
15.12,361,1860.77002,124
14.52,362,1872.01001,121
15,358,1866.52002,119
15.09,357,1857.439941,116
14.02,359,1865.619995,115
14.93,355,1852.560059,115
14.62,354,1849.040039,113
14.41,358,1857.619995,112
13.88,357,1872.339966,113
13.1,362,1885.52002,113
13.09,369,1890.900024,112
13.37,367,1888.77002,111
13.96,360,1865.089966,112
15.57,357,1845.040039,111
14.89,355,1851.959961,113
13.82,356,1872.180054,112
15.89,350,1833.079956,111
17.030001,348,1815.689941,110
16.110001,350,1830.609985,109
15.61,349,1842.97998,107
14.18,350,1862.310059,106
13.36,359,1864.849976,103
13.25,358,1871.890015,105
13.19,359,1879.550049,102
13.27,357,1875.390015,102
13.32,358,1878.609985,101
14.06,354,1863.400024,100
13.97,356,1869.430054,100
13.71,358,1878.329956,102
13.41,353,1883.949951,103
13.25,349,1883.680054,101
12.91,347,1881.140015,101
13.29,349,1884.660034,102
13.8,347,1867.719971,102
13.4,348,1878.209961,103
13.43,347,1875.630005,105
12.92,348,1878.47998,108
12.23,352,1896.650024,107
12.13,347,1897.449951,108
12.17,340,1888.530029,107
13.17,336,1870.849976,109
12.44,338,1877.859985,107
12.42,340,1885.079956,109
12.96,338,1872.829956,110
11.91,339,1888.030029,113
12.03,342,1892.48999,112
11.36,339,1900.530029,111
11.51,337,1911.910034,110
11.68,329,1909.780029,110
11.57,330,1920.030029,111
11.4,333,1923.569946,109
11.58,339,1924.969971,109
11.87,345,1924.23999,109
12.08,346,1927.880005,110
11.68,344,1940.459961,111
10.73,345,1949.439941,110
11.15,347,1951.27002,109
10.99,349,1950.790039,108
11.6,350,1943.890015,107
12.56,343,1930.109985,108
12.18,345,1936.160034,106
12.65,346,1937.780029,104
12.06,351,1941.98999,104
10.61,347,1956.97998,106
10.62,351,1959.47998,106
10.85,350,1962.869995,107
10.98,349,1962.609985,106
12.13,345,1949.97998,105
11.59,343,1959.530029,105
11.63,338,1957.219971,105
11.26,340,1960.959961,107
11.57,338,1960.22998,105
11.15,345,1973.319946,106
10.82,351,1974.619995,107
10.32,353,1985.439941,108
11.33,348,1977.650024,105
11.98,344,1963.709961,105
11.65,343,1972.829956,104
12.59,342,1964.680054,107
12.08,340,1967.569946,107
11.82,341,1977.099976,108
11.96,343,1973.280029,107
11,342,1981.569946,106
14.54,334,1958.119995,109
12.06,337,1978.219971,107
12.81,335,1973.630005,106
12.24,334,1983.530029,106
11.52,334,1987.01001,107
11.84,338,1987.97998,107
12.69,334,1978.339966,106
12.56,335,1978.910034,106
13.28,334,1969.949951,105
13.33,342,1970.069946,104
16.950001,344,1930.670044,104
17.030001,338,1925.150024,110
15.12,336,1938.98999,111
16.870001,335,1920.209961,112
16.370001,335,1920.23999,113
16.66,329,1909.569946,115
15.77,330,1931.589966,114
14.23,329,1936.920044,115
14.13,332,1933.75,116
12.9,328,1946.719971,118
12.42,325,1955.180054,116
13.15,320,1955.060059,116
12.32,325,1971.73999,118
12.21,326,1981.599976,120
11.78,328,1986.51001,117
11.76,328,1992.369995,115
11.47,326,1988.400024,113
11.7,324,1997.920044,112
11.63,325,2000.02002,113
11.78,322,2000.119995,111
12.05,320,1996.73999,110
12.09,321,2003.369995,110
12.25,328,2002.280029,112
12.36,327,2000.719971,111
12.64,331,1997.650024,112
12.09,332,2007.709961,116
12.66,335,2001.540039,113
13.5,337,1988.439941,112
12.88,341,1995.689941,113
12.8,341,1997.449951,112
13.31,349,1985.540039,114
14.12,347,1984.130005,115
12.73,347,1998.97998,117
12.65,349,2001.569946,116
12.03,350,2011.359985,115
12.11,346,2010.400024,113
13.69,345,1994.290039,114
14.93,342,1982.77002,113
13.27,344,1998.300049,114
15.64,340,1965.98999,114
14.85,342,1982.849976,114
15.98,337,1977.800049,114
16.309999,339,1972.290039,116
16.709999,329,1946.160034,118
16.16,332,1946.170044,119
14.55,333,1967.900024,116
15.46,330,1964.819946,117
17.200001,323,1935.099976,117
15.11,323,1968.890015,119
18.76,322,1928.209961,121
21.24,319,1906.130005,123
24.639999,313.5,1874.73999,124.5
22.790001,308,1877.699951,126
25.27,302,1862.48999,131
25.200001,303,1862.76001,134
21.99,309,1886.76001,131
18.57,307,1904.01001,132
16.08,310,1941.280029,130
17.870001,312,1927.109985,129
16.530001,317,1950.819946,129
16.110001,317,1964.579956,130
16.040001,314,1961.630005,131
14.39,317,1985.050049,130
15.15,320,1982.300049,123
14.52,320,1994.650024,126
14.03,323,2018.050049,126
14.73,323,2017.810059,126
14.89,321,2012.099976,126
14.17,322,2023.569946,126
13.67,325,2031.209961,127
13.12,318,2031.920044,130
12.67,325,2038.26001,128
12.92,324.5,2039.680054,129
13.02,324,2038.25,130
13.79,322,2039.329956,134
13.31,319,2039.819946,135
13.99,320,2041.319946,136
13.86,319,2051.800049,139
13.96,324,2048.719971,138
13.58,321,2052.75,139
12.9,319,2063.5,136
12.62,317,2069.409912,137
12.25,314,2067.030029,133
12.07,311,2072.830078,134
13.33,305,2067.560059,139
14.16,308,2053.439941,141
12.85,314,2066.550049,141
12.5,317,2074.330078,139
12.38,312,2071.919922,140
11.89,318,2075.370117,135
14.21,312,2060.310059,135
15.35,307,2059.820068,138
18.530001,304,2026.140015,140
20.08,305,2035.329956,140
21.08,297,2002.329956,145
20.42,297,1989.630005,143
23.57,293,1972.73999,147
19.440001,300,2012.890015,147
16.809999,307,2061.22998,143
16.49,302,2070.649902,143
15.25,301,2078.540039,140
14.8,312,2082.169922,140
14.37,315,2081.879883,137
14.5,313,2088.77002,137
15.06,308,2090.570068,136
15.92,306,2080.350098,136
19.200001,302,2058.899902,138
17.790001,299,2058.199951,138
19.92,290,2020.579956,139
21.120001,283,2002.609985,139
19.309999,282,2025.900024,140
17.01,289,2062.139893,141
17.549999,285,2044.810059,142
19.6,278,2028.26001,142
20.559999,277,2023.030029,142
21.48,271,2011.27002,145
22.389999,263,1992.670044,152
20.950001,269,2019.420044,149
19.889999,268,2022.550049,148
18.85,273,2032.119995,146
16.4,276,2063.149902,146
16.66,268,2051.820068,147
15.52,269,2057.090088,145
17.219999,270,2029.550049,146
20.440001,260,2002.160034,146
18.76,263,2021.25,145
20.969999,255,1994.98999,148
19.43,255,2020.849976,148
17.33,266,2050.030029,148
18.33,269,2041.51001,147
16.85,270,2062.52002,147
17.290001,282,2055.469971,142
18.549999,284,2046.73999,140
17.23,289,2068.590088,140
16.959999,288,2068.530029,140
15.34,286,2088.47998,141
14.69,290,2096.98999,142
15.8,301,2100.340088,140
15.45,294,2099.679932,140
15.29,298,2097.449951,140
14.3,300,2110.300049,137
14.56,293,2109.659912,135
13.69,286,2115.47998,136
13.84,283,2113.860107,136
13.91,289,2110.73999,131
13.34,287,2104.5,133
13.04,295,2117.389893,135
13.86,299,2107.780029,133
14.23,300,2098.530029,133
14.04,298,2101.040039,134
15.2,312,2071.26001,132
15.06,307,2079.429932,133
16.690001,301,2044.160034,132
16.870001,297,2040.23999,132
15.42,296,2065.949951,133
16,299,2053.399902,134
15.61,294,2081.189941,135
15.66,290,2074.280029,136
13.97,279,2099.5,142
14.07,284,2089.27002,137
13.02,281,2108.100098,138
13.41,278,2104.419922,141
13.62,275,2091.5,140
15.44,278,2061.050049,140
15.8,287,2056.149902,142
15.07,280,2061.02002,140
14.51,281,2086.23999,142
15.29,280,2067.889893,142
15.11,273,2059.689941,142
14.67,279,2066.959961,142
14.74,278,2080.620117,145
14.78,276,2076.330078,143
13.98,278,2081.899902,138
13.09,283,2091.179932,140
12.58,283,2102.060059,140
13.94,280,2092.429932,141
13.67,277,2095.840088,141
12.84,278,2106.629883,141
12.6,277,2104.98999,142
13.89,275,2081.179932,140
13.3,276,2100.399902,142
13.25,278,2097.290039,141
12.71,285,2107.959961,140
12.48,282,2112.929932,141
12.29,279,2117.689941,143
13.12,281,2108.919922,141
12.41,287,2114.76001,142
13.39,294,2106.850098,145
14.55,293,2085.51001,147
12.7,300,2108.290039,148
12.85,303,2114.48999,148
14.31,307,2089.459961,149
15.15,312,2080.149902,151
15.13,306,2088,151
12.86,304,2116.100098,152
13.85,315,2105.330078,153
13.86,314,2099.120117,152
13.76,314,2098.47998,158
12.74,311,2121.100098,161
12.38,301,2122.72998,159
12.73,310,2129.199951,160
12.85,314,2127.830078,158
12.88,313,2125.850098,160
12.11,306,2130.820068,162
12.13,308,2126.060059,161
14.06,301,2104.199951,160
13.27,302,2123.47998,158
13.31,301,2120.790039,162
13.84,300,2107.389893,159
13.97,306,2111.72998,162
14.24,315,2109.600098,162
13.66,325,2114.070068,159
14.71,318,2095.840088,159
14.21,327,2092.830078,156
15.29,326,2079.280029,157
14.47,329,2080.149902,160
13.22,337,2105.199951,157
12.85,327,2108.860107,158
13.78,326,2094.110107,157
15.39,323,2084.429932,160
14.81,320,2096.290039,161
14.5,320,2100.439941,163
13.19,323,2121.23999,169
13.96,314,2109.98999,169
12.74,325,2122.850098,168
12.11,330,2124.199951,169
13.26,326,2108.580078,168
14.01,328,2102.310059,167
14.02,337,2101.48999,168
18.85,320,2057.639893,171
18.23,323,2063.110107,170
16.09,331,2077.419922,170
16.790001,328,2076.780029,173
17.01,317,2068.76001,171
16.09,314,2081.340088,171
19.66,309,2046.680054,174
19.969999,318,2051.310059,175
16.83,330,2076.620117,177
13.9,331,2099.600098,175
13.37,329,2108.949951,178
13.23,323,2107.399902,178
12.11,323,2124.290039,175
11.95,320,2126.639893,174
12.25,323,2128.280029,173
12.22,321,2119.209961,174
12.12,318,2114.149902,172
12.64,314,2102.149902,172
13.74,312,2079.649902,174
15.6,307,2067.639893,177
13.44,310,2093.25,178
12.5,312,2108.570068,177
12.13,310,2108.629883,175
12.12,301,2103.840088,181
12.56,297,2098.040039,179
13,304,2093.320068,175
12.51,309,2099.840088,177
13.77,308,2083.560059,179
13.39,301,2077.570068,178
12.23,301,2104.179932,180
13.71,294,2084.070068,181
13.61,293,2086.050049,184
13.49,298,2083.389893,185
12.83,300,2091.540039,184
13.02,295,2102.439941,184
13.79,302,2096.919922,188
15.25,296,2079.610107,193
19.139999,296,2035.72998,191
28.030001,291,1970.890015,197
40.740002,284,1893.209961,201
36.02,294,1867.609985,204
30.32,301,1940.51001,207
26.1,301,1987.660034,202
26.049999,302,1988.869995,200
28.43,302,1972.180054,202
31.4,303,1913.849976,205
26.09,306,1948.859985,204
25.610001,305,1951.130005,204
27.799999,300,1921.219971,202
24.9,303,1969.410034,203
26.23,307,1942.040039,197
24.370001,310,1952.290039,199
23.200001,305,1961.050049,198
24.25,300,1953.030029,200
22.540001,310,1978.089966,203
21.35,313,1995.310059,202
21.139999,309,1990.199951,205
22.280001,302,1958.030029,202
20.139999,308,1966.969971,206
22.440001,303,1942.73999,202
22.129999,304,1938.76001,202
23.469999,301,1932.23999,203
23.620001,306,1931.339966,206
27.629999,298,1881.77002,208
26.83,293,1884.089966,213
24.5,295,1920.030029,216
22.549999,294,1923.819946,218
20.940001,288,1951.359985,221
19.540001,295,1987.050049,220
19.4,294,1979.920044,219
18.4,297,1995.829956,214
17.42,301,2013.430054,215
17.08,300,2014.890015,213
16.17,297,2017.459961,214
17.67,294,2003.689941,215
18.030001,288,1994.23999,218
16.049999,292,2023.859985,216
15.05,292,2033.109985,215
14.98,291,2033.660034,217
15.75,295,2030.77002,216
16.700001,292,2018.939941,215
14.45,293,2052.51001,213
14.46,297,2075.149902,210
15.29,294,2071.179932,209
15.43,291,2065.889893,212
14.33,295,2090.350098,207
14.61,301,2089.409912,208
15.07,297,2079.360107,206
14.15,301,2104.050049,205
14.54,306,2109.790039,206
15.51,309,2102.310059,203
15.05,310,2099.929932,205
14.33,315,2099.199951,204
16.52,311,2078.580078,202
15.29,308,2081.719971,205
16.059999,307.5,2075,205.5
18.370001,307,2045.969971,206
20.08,303,2023.040039,207
18.16,301,2053.189941,211
18.84,300,2050.439941,210
16.85,304,2083.580078,208
16.99,302,2081.23999,207
15.47,303,2089.169922,207
15.62,300,2086.590088,206
15.93,297,2089.139893,207
15.19,293,2088.870117,208
15.12,293,2090.110107,209
16.129999,288,2080.409912,207
14.67,283,2102.629883,208
15.91,286,2079.51001,204
18.110001,301,2049.620117,205
14.81,294,2091.689941,202
15.84,283,2077.070068,202
17.6,286,2063.590088,206
19.610001,285,2047.619995,205
19.34,289,2052.22998,206
24.389999,279,2012.369995,211
22.73,286,2021.939941,210
20.950001,292,2043.410034,208
17.860001,292,2073.070068,208
18.940001,290,2041.890015,208
20.700001,289,2005.550049,212
18.700001,285,2021.150024,214
16.6,292,2038.969971,213
15.57,296,2064.290039,213
15.74,294,2060.98999,209
16.91,290,2056.5,208
16.08,298,2078.360107,209
17.290001,299,2063.360107,210
18.209999,300,2043.939941,210
20.700001,291,2012.660034,211
19.34,294,2016.709961,212
20.59,286,1990.26001,213
24.99,285,1943.089966,215
27.01,282,1922.030029,218
24.299999,285,1923.670044,217
22.469999,280,1938.680054,216
25.219999,275,1890.280029,215
23.950001,274,1921.839966,223
27.02,268,1880.329956,225
26.049999,269,1881.329956,222
27.59,264,1859.329956,227
26.690001,263,1868.98999,232
22.34,265,1906.900024,229
24.15,261,1877.079956,231
22.5,259,1903.630005,233
23.110001,259,1882.949951,233
22.42,254,1893.359985,235
20.200001,250,1940.23999,235
19.98,251,1939.380005,236
21.98,242,1903.030029,236
21.65,244,1912.530029,239
21.84,247,1915.449951,240
23.379999,245,1880.050049,239
26,232,1853.439941,240
26.540001,233,1852.209961,241
26.290001,229,1851.859985,243
28.139999,224,1829.079956,250
25.4,233,1864.780029,247
24.110001,237,1895.579956,246
22.309999,240,1926.819946,249
21.639999,234,1917.829956,249
20.530001,234,1917.780029,243
19.379999,233,1945.5,244
20.98,231,1921.27002,245
20.719999,231,1929.800049,243
19.110001,228,1951.699951,243
19.809999,232,1948.050049,243
20.549999,230,1932.22998,242
17.700001,239,1978.349976,241
17.09,237,1986.449951,237
16.700001,244,1993.400024,234
16.860001,248,1999.98999,230
17.35,248,2001.76001,226
18.67,243,1979.26001,225
18.34,249,1989.26001,223
18.049999,250,1989.569946,217
16.5,254,2022.189941,213
16.92,252,2019.640015,209
16.84,252,2015.930054,206
14.99,252,2027.219971,209
14.44,251,2040.589966,207
14.02,247,2049.580078,204
13.79,250,2051.600098,202
14.17,253,2049.800049,197
14.94,247,2036.709961,194
14.74,250,2035.939941,193
15.24,249,2037.050049,192
13.82,247,2055.01001,196
13.56,252,2063.949951,198
13.95,246,2059.73999,199
13.1,245,2072.780029,197
14.12,244,2066.129883,197
15.42,239,2045.170044,195
14.09,242,2066.659912,195
16.16,236,2041.910034,193
15.36,238,2047.599976,194
16.26,239,2041.98999,192
14.85,246,2061.719971,190
13.84,243,2082.419922,188
13.72,247,2082.780029,186
13.62,243,2080.72998,186
13.35,245,2094.340088,186
13.24,247,2100.800049,183
13.28,251,2102.399902,180
13.95,254,2091.47998,178
13.22,255,2091.580078,176
14.08,255,2087.790039,175
13.96,259,2091.699951,172
13.77,252,2095.149902,173
15.22,251,2075.810059,176
15.7,250,2065.300049,173
14.68,255,2081.429932,173
15.6,249,2063.370117,172
16.049999,249,2051.120117,172
15.91,245,2050.629883,173
14.72,249,2057.139893,174
14.57,242,2058.689941,176
13.63,242,2084.389893,176
14.69,236,2064.459961,177
14.41,237,2064.110107,178
15.04,231,2046.609985,177
14.68,236,2066.659912,177
15.57,237,2047.209961,176
15.95,246,2047.630005,174
16.33,243,2040.040039,172
15.2,241,2052.320068,173
15.82,238,2048.040039,173
14.42,240,2076.060059,172
13.9,243,2090.540039,174
13.43,241,2090.100098,173
13.12,242,2099.060059,172
14.19,239,2096.949951,171
14.2,244,2099.330078,169
13.63,241,2105.26001,170
13.47,230,2099.129883,173
13.65,234,2109.409912,173
14.05,233,2112.129883,173
14.08,236,2119.120117,172
14.64,231,2115.47998,172
17.030001,227,2096.070068,173
20.969999,224,2079.060059,173
20.5,224,2075.320068,175
20.139999,223,2071.5,177
19.370001,219,2077.98999,177
19.41,224,2071.219971,176
18.370001,228,2083.25,174
18.48,233,2088.899902,173
21.17,231,2085.449951,173
17.25,232,2113.320068,173
25.76,219,2037.410034,185
23.85,206,2000.540039,183
18.75,208,2036.089966,182
16.639999,212,2070.77002,177
15.63,211,2098.860107,179
14.77,205,2102.949951,173
15.58,195,2088.550049,170
14.96,198,2099.72998,170
14.76,198,2097.899902,166
13.2,195,2129.899902,165
13.54,199,2137.159912,162
13.55,212,2152.139893,157
13.04,204,2152.429932,156
12.82,209,2163.75,157
12.67,216,2161.73999,153
12.44,215,2166.889893,154
11.97,213,2163.780029,154
11.77,215,2173.02002,153
12.74,213,2165.169922,155
12.02,212,2175.030029,153
12.87,214,2168.47998,152
13.05,214,2169.179932,152
12.83,209,2166.580078,154
12.72,215,2170.060059,155
11.87,205,2173.600098,158
12.44,210,2170.840088,160
13.37,214,2157.030029,162
12.86,215,2163.790039,163
12.42,213,2164.25,163
11.39,220,2182.870117,160
11.5,216,2180.889893,158
11.66,214,2181.73999,157
12.05,210,2175.48999,158
11.68,217,2185.790039,157
11.55,210,2184.050049,158
11.81,212,2190.149902,157
12.64,219,2178.149902,157
12.19,214,2182.219971,156
11.43,211,2187.02002,157
11.34,216,2183.870117,154
12.27,214,2182.639893,152
12.38,213,2186.899902,151
13.45,213,2175.439941,151
13.63,213,2172.469971,150
13.65,216,2169.040039,150
12.94,212,2180.379883,146
13.12,212,2176.120117,149
13.42,213,2170.949951,148
13.48,212,2170.860107,149
11.98,215,2179.97998,150
12.02,211,2186.47998,151
11.94,208,2186.159912,152
12.51,214,2181.300049,154
17.5,221,2127.810059,154
15.16,220,2159.040039,155
17.85,226,2127.02002,157
18.139999,226,2125.77002,157
16.299999,231,2147.26001,159
15.37,229,2139.159912,158
15.53,229,2139.120117,157
15.92,228,2139.76001,157
13.3,233,2163.120117,157
12.02,234,2177.179932,156
12.29,233,2164.689941,155
14.5,223,2146.100098,157
13.1,219,2159.929932,156
12.39,219,2171.370117,156
14.02,219,2151.129883,154
13.29,220,2168.27002,156
13.57,220,2161.199951,153
13.63,225,2150.48999,153
12.99,229,2159.72998,151
12.84,231,2160.77002,148
13.48,229,2153.73999,150
13.38,230,2163.659912,148.5
15.36,231,2136.72998,147
15.91,231,2139.179932,147
16.690001,234,2132.550049,146
16.120001,237,2132.97998,150
16.209999,232,2126.5,149
15.28,230,2139.600098,149
14.41,230,2144.290039,149
13.75,230,2141.340088,146
13.34,229,2141.159912,147
13.02,233,2151.330078,146
13.46,232,2143.159912,145
14.24,235,2139.429932,147
15.36,244,2133.040039,146
16.190001,245,2126.409912,147
17.059999,239,2126.149902,148
18.559999,237,2111.719971,148
19.32,233,2097.939941,150
22.08,233,2088.659912,154
22.51,230,2085.179932,154
18.709999,231,2131.52002,153
18.74,234,2139.560059,149
14.38,251,2163.26001,153
14.74,256,2167.47998,147
14.17,256.5,2164.449951,147
14.48,257,2164.199951,147
13.37,261,2180.389893,146
13.72,264,2176.939941,142
13.35,274,2187.120117,141
12.85,279,2181.899902,139
12.42,276,2198.179932,139
12.41,271,2202.939941,140
12.43,274,2204.719971,136
12.34,276,2213.350098,135
13.15,273,2201.719971,134
12.9,271,2204.659912,133
13.33,278,2198.810059,132
14.07,286,2191.080078,129
14.12,280,2191.949951,129
12.14,279,2204.709961,129
11.79,279,2212.22998,131
12.22,271,2241.350098,131
12.64,278,2246.189941,130
11.75,282,2259.530029,130
12.64,287,2256.959961,128
12.72,283,2271.719971,126
13.19,288,2253.280029,119
12.79,298,2262.030029,111
12.2,298,2258.070068,115
11.71,291,2262.530029,115
11.45,294,2270.76001,115
11.27,292,2265.179932,113
11.43,293,2260.959961,114
11.44,292,2263.790039,112
11.99,295,2268.879883,112
12.95,287,2249.919922,113
13.37,291,2249.26001,114
14.04,283,2238.830078,115
12.85,281,2257.830078,114
11.85,282,2270.75,112
11.67,274,2269,112
11.32,278,2276.97998,111
11.56,277,2268.899902,111
11.49,275,2268.899902,111
11.26,275,2275.320068,109
11.54,273,2270.439941,112
11.23,276,2274.639893,110
11.87,267,2267.889893,113
12.48,278,2271.889893,109
12.78,284,2263.689941,108
11.54,287,2271.310059,108
11.77,279,2265.199951,108
11.07,285,2280.070068,109
10.81,292,2298.370117,108
10.63,289,2296.679932,107
10.58,286,2294.689941,106
11.88,287,2280.899902,108
11.99,282,2278.870117,110
11.81,286,2279.550049,110
11.93,285,2280.850098,110
10.97,287,2297.419922,111
11.37,278,2292.560059,112
11.29,276,2293.080078,111
11.45,269,2294.669922,112
10.88,275,2307.870117,111
10.85,275,2316.100098,110
11.07,280,2328.25,110
10.74,282,2337.580078,108
11.97,286,2349.25,106
11.76,281,2347.219971,107
11.49,278,2351.159912,108
11.57,279,2365.379883,107
11.74,279,2362.820068,108
11.71,276,2363.810059,110
11.47,268,2367.340088,110
12.09,275,2369.75,108
12.92,272,2363.639893,106
12.54,272,2395.959961,105
11.81,271,2381.919922,103
10.96,267,2383.120117,103
11.24,264,2375.310059,104
11.45,265,2368.389893,102
11.86,273,2362.97998,102
12.3,276,2364.870117,104
11.66,272,2372.600098,105
11.35,272,2373.469971,104
12.3,271,2365.449951,105
11.63,267,2385.26001,107
11.21,269,2381.379883,108
11.28,266,2378.25,109
11.34,260,2373.469971,110
12.47,255,2344.02002,110
12.81,252,2348.449951,110
13.12,254,2345.959961,111
12.96,251,2343.97998,109
12.5,249,2341.590088,110
11.53,253,2358.570068,109
11.42,250,2361.129883,110
11.54,253,2368.060059,110
12.37,253,2362.719971,111
12.38,245,2358.840088,113
11.79,246,2360.159912,113
12.89,243,2352.949951,116
12.39,244,2357.48999,114
12.87,245,2355.540039,111
14.05,244,2357.159912,111
15.07,239,2353.780029,111
15.77,236,2344.929932,115
15.96,232,2328.949951,115
14.66,232,2349.01001,116
14.42,225,2342.189941,116
14.93,229,2338.169922,116
14.15,234,2355.840088,115
14.63,234,2348.689941,116
10.84,236,2374.149902,115
10.76,242,2388.610107,113
10.85,238,2387.449951,114
10.36,238,2388.77002,115
10.82,238,2384.199951,115
10.11,239,2388.330078,116
10.59,236,2391.169922,117
10.68,237,2388.129883,110
10.46,239,2389.52002,112
10.57,235,2399.290039,111
9.77,237,2399.379883,110
9.96,240,2396.919922,109
10.21,240,2399.629883,109
10.6,239,2394.439941,111
10.4,234,2390.899902,112
10.42,233,2402.320068,112
10.65,232,2400.669922,111
15.59,221,2357.030029,113
14.66,219,2365.719971,113
12.04,220,2381.72998,113
10.93,221,2394.02002,111
10.72,226,2398.419922,109
10.02,222,2404.389893,112
9.99,220,2415.070068,111
9.81,220,2415.820068,111
10.38,216,2412.909912,112
10.41,211,2411.800049,110
9.89,211,2430.060059,111
9.75,204,2439.070068,111
10.07,210,2436.100098,111
10.45,204,2429.330078,112
10.39,205,2433.139893,110
10.16,205,2433.790039,110
10.7,208,2431.77002,108
11.46,211,2429.389893,109
10.42,209,2440.350098,108
10.64,201,2437.919922,106
10.9,201,2432.459961,105
10.38,200,2433.149902,106
10.37,204,2453.459961,104
10.86,202,2437.030029,103
10.75,204,2435.610107,102
10.48,206,2434.5,103
10.02,205,2438.300049,102
9.9,202,2439.070068,102
11.06,209,2419.379883,99
10.03,208,2440.689941,101
11.44,211,2419.699951,98
11.18,216,2423.409912,95
11.22,217,2429.01001,93
11.07,216,2432.540039,94
12.54,222,2409.75,93
11.19,223,2425.179932,94
11.11,223,2427.429932,94
10.89,221,2425.530029,94
10.3,216,2443.25,95
9.9,219,2447.830078,95
9.51,217,2459.27002,95
9.82,212,2459.139893,95
9.89,208,2460.610107,94
9.79,203,2473.830078,93
9.58,199,2473.449951,91
9.36,194,2472.540039,91
9.43,195,2469.909912,92
9.43,202,2477.129883,91
9.6,203,2477.830078,93
10.11,209,2475.419922,93
10.29,210,2472.100098,91
10.26,211,2470.300049,92
10.09,205,2476.350098,92
10.28,206,2477.570068,91
10.44,203,2472.159912,91
10.03,206,2476.830078,91
9.93,212,2480.909912,92
10.96,211,2474.919922,93
11.11,205,2474.02002,95
16.040001,202,2438.209961,98
15.51,203,2441.320068,99
12.33,207,2465.840088,98
12.04,211,2464.610107,95
11.74,209,2468.110107,95
15.55,206,2430.01001,98
14.26,204,2425.550049,99
13.19,205,2428.370117,99
11.35,210,2452.51001,96
12.25,204,2444.040039,99
12.23,204,2438.969971,99
11.28,201,2443.050049,99
11.32,205,2444.23999,100
11.7,196,2446.300049,102
11.22,199,2457.590088,101
10.59,198,2471.649902,101
10.13,201,2476.550049,102
12.23,190,2457.850098,103
11.63,189,2465.540039,104
11.55,185,2465.100098,104
12.12,188,2461.429932,104
10.73,195,2488.110107,102
10.58,201,2496.47998,103
10.5,203,2498.370117,100
10.44,202,2495.620117,98
10.17,202,2500.22998,96
10.15,205,2503.870117,96
10.18,207,2506.649902,95
9.78,212,2508.23999,92
9.67,211,2500.600098,91
9.59,211,2502.219971,91
10.21,204,2496.659912,92
10.17,205,2496.840088,90
9.87,212,2507.040039,92
9.55,213,2510.060059,91
9.51,215,2519.360107,85
9.45,222,2529.120117,84
9.51,214,2534.580078,85
9.63,213,2537.73999,87
9.19,216,2552.070068,85
9.65,218,2549.330078,83
10.33,216.5,2544.72998,82.5
10.08,215,2550.639893,82
9.85,213,2555.23999,82
9.91,212,2550.929932,82
9.61,206,2553.169922,82
9.91,207,2557.639893,82
10.31,209,2559.360107,80
10.07,213,2561.26001,80
10.05,211,2562.100098,79
9.97,216,2575.209961,79
11.07,217,2564.97998,79
11.16,218,2569.129883,77
11.23,221,2557.149902,78
11.3,224,2560.399902,76
9.8,221,2581.070068,78
10.5,213,2572.830078,77
10.18,211,2575.26001,76
10.2,206,2579.360107,77
9.93,205,2579.850098,76
9.14,203,2587.840088,76
9.4,200,2591.129883,77
9.89,196,2590.639893,74
9.78,195,2594.379883,77
10.5,195,2584.620117,78
11.29,204,2582.300049,78
11.5,203,2584.840088,78
11.59,199,2578.870117,78
13.13,194,2564.620117,80
11.76,196,2585.639893,77
11.43,192,2578.850098,78
10.65,193,2582.139893,76
9.73,192,2599.030029,72
9.88,189,2597.080078,76
9.67,191,2602.419922,74
9.87,191,2601.419922,78
10.03,190,2627.040039,76
10.7,194,2626.070068,77
11.28,202,2647.580078,72
11.43,196,2642.219971,71
11.68,194,2639.439941,71
11.33,192,2629.570068,68
11.02,189,2629.27002,70
10.16,194,2636.97998,72
9.58,196,2651.5,71
9.34,192,2659.98999,69
9.92,192,2664.110107,68
10.18,192,2662.850098,67
10.49,189,2652.01001,66
9.42,190,2675.810059,63
9.53,187,2690.159912,65
10.03,195,2681.469971,65
9.72,198,2679.25,66
9.62,200,2684.570068,62
9.9,202,2683.340088,62
10.25,185,2680.5,61
10.47,183,2682.620117,59
10.18,190,2687.540039,59
11.04,187,2673.610107,60
9.77,188,2695.810059,61
9.15,189,2713.060059,60
9.22,191,2723.98999,58
9.22,194,2743.149902,59
9.52,190,2747.709961,57
10.08,198,2751.290039,57
9.82,200,2748.22998,56
9.88,198,2767.560059,51
10.16,199,2786.23999,50
11.66,195,2776.419922,48
11.91,200,2802.560059,48
12.22,204,2798.030029,46
11.27,207,2810.300049,46
11.03,210,2832.969971,46
11.1,206,2839.129883,46
11.47,210,2837.540039,47
11.58,209,2839.25,43
11.08,213,2872.870117,41
13.84,214,2853.530029,40
14.79,217,2822.429932,40
13.54,214,2823.810059,37
13.47,218,2821.97998,37
17.309999,225,2762.129883,39
37.32,214,2648.939941,45
29.98,215,2695.139893,43
27.73,217,2681.659912,44
33.459999,218,2581,45
29.059999,216,2619.550049,49
25.610001,212,2656,46
24.969999,212,2662.939941,51
19.26,222,2698.629883,48
19.129999,221,2731.199951,45
19.459999,213,2732.219971,48
20.6,210,2716.26001,49
20.02,218,2701.330078,49
18.719999,217,2703.959961,50
16.49,212,2747.300049,50
15.8,207,2779.600098,52
18.59,212,2744.280029,51
19.85,210,2713.830078,50
22.469999,205,2677.669922,55
19.59,209,2691.25,55
18.73,205,2720.939941,55
18.360001,207,2728.120117,58
17.76,209,2726.800049,60
16.540001,206,2738.969971,61
14.64,211,2786.570068,60
15.78,203,2783.02002,62
16.35,198,2765.310059,63
17.23,191,2749.47998,63
16.59,191,2747.330078,65
15.8,193,2752.01001,62
19.02,191,2712.919922,63
18.200001,194,2716.939941,62
17.860001,202,2711.929932,66
23.34,198,2643.689941,68
24.870001,194,2588.26001,71
21.030001,192,2658.550049,68
22.5,187,2612.620117,70
22.870001,190,2605,70
19.969999,187,2640.870117,69
23.620001,181,2581.879883,70
21.1,190,2614.449951,68
20.059999,194,2644.689941,69
18.940001,198,2662.840088,68
21.49,190,2604.469971,68
21.77,188,2613.159912,67
20.469999,192,2656.870117,63
20.24,192,2642.189941,63
18.49,194,2663.98999,62
17.41,192,2656.300049,62
16.559999,190,2677.840088,60
15.25,188,2706.389893,59
15.6,192,2708.639893,59
15.96,196,2693.129883,60
16.879999,202,2670.139893,61
16.34,198,2670.290039,59
18.02,200,2634.560059,60
17.84,205,2639.399902,63
16.24,205,2666.939941,63
15.41,201,2669.909912,63
15.93,194,2648.050049,62
15.49,199,2654.800049,66
15.97,200,2635.669922,67
15.9,196,2629.72998,70
14.77,198,2663.419922,70
14.75,195,2672.629883,71
14.71,196,2671.919922,71
13.42,199,2697.790039,70
13.23,193,2723.070068,68
12.65,191,2727.719971,66
12.93,193,2730.129883,65
14.63,203,2711.449951,65
13.42,204,2722.459961,63
13.43,206,2720.129883,66
13.42,202,2712.969971,67
13.08,200,2733.01001,67
13.22,200,2724.439941,67
12.58,195,2733.290039,68
12.53,193,2727.76001,68
13.22,189,2721.330078,69
17.02,168,2689.860107,81
14.94,174,2724.01001,76
